{
    "chimera-7b": {
        "order": 2.0,
        "score": 5.761904761904762
    },
    "phoenix-7b": {
        "order": 1.8,
        "score": 6.523809523809523
    },
    "vicuna-7b": {
        "order": 1.3428571428571427,
        "score": 8.333333333333332
    }
}
