{
    "phoenix-7b": {
        "winning": {
            "gpt3.5": 5,
            "tie": 2,
            "model": 3,
            "%model": 0.3
        },
        "order": {
            "gpt3.5": 1.6,
            "model": 2.1
        },
        "score": {
            "gpt3.5": 8.083333333333332,
            "model": 6.333333333333333,
            "%model": 0.7835051546391752
        }
    },
    "chimera-13b": {
        "winning": {
            "gpt3.5": 4,
            "tie": 4,
            "model": 2,
            "%model": 0.2
        },
        "order": {
            "gpt3.5": 1.6,
            "model": 1.8
        },
        "score": {
            "gpt3.5": 8.083333333333332,
            "model": 6.666666666666667,
            "%model": 0.8247422680412372
        }
    },
    "chimera-7b": {
        "winning": {
            "gpt3.5": 6,
            "tie": 3,
            "model": 1,
            "%model": 0.1
        },
        "order": {
            "gpt3.5": 1.6,
            "model": 2.2
        },
        "score": {
            "gpt3.5": 8.083333333333332,
            "model": 5.833333333333334,
            "%model": 0.7216494845360826
        }
    }
}
