{
    "phoenix-7b": {
        "winning": {
            "gpt3.5": 26,
            "tie": 23,
            "model": 21,
            "%model": 0.3
        },
        "order": {
            "gpt3.5": 1.6428571428571428,
            "model": 1.7714285714285714
        },
        "score": {
            "gpt3.5": 7.190476190476191,
            "model": 6.916666666666666,
            "%model": 0.9619205298013244
        }
    },
    "chimera-13b": {
        "winning": {
            "gpt3.5": 30,
            "tie": 27,
            "model": 13,
            "%model": 0.18571428571428572
        },
        "order": {
            "gpt3.5": 1.6428571428571428,
            "model": 2.1857142857142855
        },
        "score": {
            "gpt3.5": 7.190476190476191,
            "model": 5.869047619047619,
            "%model": 0.8162251655629138
        }
    },
    "chimera-7b": {
        "winning": {
            "gpt3.5": 33,
            "tie": 26,
            "model": 11,
            "%model": 0.15714285714285714
        },
        "order": {
            "gpt3.5": 1.6428571428571428,
            "model": 2.2285714285714286
        },
        "score": {
            "gpt3.5": 7.190476190476191,
            "model": 5.44047619047619,
            "%model": 0.7566225165562912
        }
    }
}
