{
    "phoenix-7b": {
        "winning": {
            "gpt3.5": 29,
            "tie": 37,
            "model": 4,
            "%model": 0.05714285714285714
        },
        "order": {
            "gpt3.5": 1.0857142857142856,
            "model": 1.5714285714285714
        },
        "score": {
            "gpt3.5": 9.666666666666666,
            "model": 7.642857142857143,
            "%model": 0.79064039408867
        }
    },
    "chimera-13b": {
        "winning": {
            "gpt3.5": 50,
            "tie": 20,
            "model": 0,
            "%model": 0.0
        },
        "order": {
            "gpt3.5": 1.0857142857142856,
            "model": 2.4857142857142858
        },
        "score": {
            "gpt3.5": 9.666666666666666,
            "model": 5.07142857142857,
            "%model": 0.5246305418719212
        }
    },
    "chimera-7b": {
        "winning": {
            "gpt3.5": 60,
            "tie": 8,
            "model": 2,
            "%model": 0.02857142857142857
        },
        "order": {
            "gpt3.5": 1.0857142857142856,
            "model": 2.9571428571428573
        },
        "score": {
            "gpt3.5": 9.666666666666666,
            "model": 4.154761904761904,
            "%model": 0.42980295566502463
        }
    }
}
