{
    "chimera-7b": {
        "order": 1.9857142857142858,
        "score": 6.642857142857141
    },
    "phoenix-7b": {
        "order": 1.6,
        "score": 7.535714285714286
    },
    "chinese-alpaca-7b": {
        "order": 2.4571428571428573,
        "score": 5.130952380952381
    },
    "chimera-13b": {
        "order": 2.157142857142857,
        "score": 6.095238095238095
    }
}
