{
    "phoenix-7b": {
        "winning": {
            "gpt3.5": 23,
            "tie": 32,
            "model": 15,
            "%model": 0.21428571428571427
        },
        "order": {
            "gpt3.5": 1.5714285714285714,
            "model": 1.8285714285714285
        },
        "score": {
            "gpt3.5": 8.047619047619047,
            "model": 7.0595238095238075,
            "%model": 0.8772189349112423
        }
    },
    "chimera-13b": {
        "winning": {
            "gpt3.5": 23,
            "tie": 32,
            "model": 15,
            "%model": 0.21428571428571427
        },
        "order": {
            "gpt3.5": 1.5714285714285714,
            "model": 1.6571428571428573
        },
        "score": {
            "gpt3.5": 8.047619047619047,
            "model": 7.190476190476189,
            "%model": 0.8934911242603547
        }
    },
    "chimera-7b": {
        "winning": {
            "gpt3.5": 31,
            "tie": 29,
            "model": 10,
            "%model": 0.14285714285714285
        },
        "order": {
            "gpt3.5": 1.5714285714285714,
            "model": 2.1
        },
        "score": {
            "gpt3.5": 8.047619047619047,
            "model": 6.1428571428571415,
            "%model": 0.7633136094674554
        }
    }
}
