{
    "chimera-13b": {
        "order": 1.3142857142857143,
        "score": 8.428571428571429
    },
    "vicuna-13": {
        "order": 1.3,
        "score": 8.5
    }
}
