{
    "chimera-7b": {
        "order": 1.4,
        "score": 8.42857142857143
    },
    "phoenix-7b": {
        "order": 1.6142857142857143,
        "score": 7.595238095238093
    },
    "vicuna-7b": {
        "order": 1.6571428571428573,
        "score": 7.523809523809523
    }
}
