{
    "phoenix-7b": {
        "winning": {
            "gpt3.5": 38,
            "tie": 23,
            "model": 9,
            "%model": 0.12857142857142856
        },
        "order": {
            "gpt3.5": 1.3571428571428572,
            "model": 2.0428571428571427
        },
        "score": {
            "gpt3.5": 8.666666666666666,
            "model": 6.2142857142857135,
            "%model": 0.717032967032967
        }
    },
    "chimera-13b": {
        "winning": {
            "gpt3.5": 31,
            "tie": 33,
            "model": 6,
            "%model": 0.08571428571428572
        },
        "order": {
            "gpt3.5": 1.3571428571428572,
            "model": 1.8142857142857143
        },
        "score": {
            "gpt3.5": 8.666666666666666,
            "model": 6.654761904761903,
            "%model": 0.7678571428571428
        }
    },
    "chimera-7b": {
        "winning": {
            "gpt3.5": 41,
            "tie": 19,
            "model": 10,
            "%model": 0.14285714285714285
        },
        "order": {
            "gpt3.5": 1.3571428571428572,
            "model": 2.1857142857142855
        },
        "score": {
            "gpt3.5": 8.666666666666666,
            "model": 5.69047619047619,
            "%model": 0.6565934065934066
        }
    }
}
