{
    "chimera-7b": {
        "order": 1.5714285714285714,
        "score": 7.714285714285714
    },
    "phoenix-7b": {
        "order": 1.7714285714285714,
        "score": 6.761904761904761
    },
    "vicuna-7b": {
        "order": 1.4714285714285715,
        "score": 7.880952380952382
    }
}
