{
    "chimera-13b": {
        "order": 1.3714285714285714,
        "score": 8.142857142857142
    },
    "vicuna-13": {
        "order": 1.2571428571428571,
        "score": 8.714285714285714
    }
}
