{
    "chimera-7b": {
        "order": 1.7142857142857142,
        "score": 7.321428571428569
    },
    "phoenix-7b": {
        "order": 1.4285714285714286,
        "score": 8.154761904761903
    },
    "chinese-alpaca-7b": {
        "order": 2.942857142857143,
        "score": 4.083333333333333
    },
    "chimera-13b": {
        "order": 2.4,
        "score": 5.416666666666668
    }
}
