{
    "chimera-7b": {
        "order": 2.0714285714285716,
        "score": 5.702380952380952
    },
    "phoenix-7b": {
        "order": 1.3857142857142857,
        "score": 8.38095238095238
    },
    "chinese-alpaca-7b": {
        "order": 3.0428571428571427,
        "score": 3.9642857142857153
    },
    "chimera-13b": {
        "order": 1.9285714285714286,
        "score": 6.226190476190476
    }
}
