{
    "chimera-13b": {
        "order": 1.4857142857142858,
        "score": 7.571428571428571
    },
    "vicuna-13": {
        "order": 1.3142857142857143,
        "score": 8.428571428571429
    }
}
