{
    "phoenix-7b": {
        "winning": {
            "gpt3.5": 38,
            "tie": 28,
            "model": 4,
            "%model": 0.05714285714285714
        },
        "order": {
            "gpt3.5": 1.1142857142857143,
            "model": 1.9142857142857144
        },
        "score": {
            "gpt3.5": 9.583333333333334,
            "model": 6.702380952380952,
            "%model": 0.6993788819875776
        }
    },
    "chimera-13b": {
        "winning": {
            "gpt3.5": 31,
            "tie": 37,
            "model": 2,
            "%model": 0.02857142857142857
        },
        "order": {
            "gpt3.5": 1.1142857142857143,
            "model": 1.7714285714285714
        },
        "score": {
            "gpt3.5": 9.583333333333334,
            "model": 7.226190476190476,
            "%model": 0.7540372670807453
        }
    },
    "chimera-7b": {
        "winning": {
            "gpt3.5": 47,
            "tie": 21,
            "model": 2,
            "%model": 0.02857142857142857
        },
        "order": {
            "gpt3.5": 1.1142857142857143,
            "model": 2.3857142857142857
        },
        "score": {
            "gpt3.5": 9.583333333333334,
            "model": 5.630952380952381,
            "%model": 0.5875776397515527
        }
    }
}
