{
    "chimera-7b": {
        "order": 2.0142857142857142,
        "score": 5.7380952380952355
    },
    "phoenix-7b": {
        "order": 1.7,
        "score": 7.071428571428569
    },
    "vicuna-7b": {
        "order": 1.4285714285714286,
        "score": 7.952380952380952
    }
}
