{
    "phoenix-7b": {
        "winning": {
            "gpt3.5": 27,
            "tie": 21,
            "model": 22,
            "%model": 0.3142857142857143
        },
        "order": {
            "gpt3.5": 1.7571428571428571,
            "model": 1.9285714285714286
        },
        "score": {
            "gpt3.5": 7.0476190476190474,
            "model": 6.666666666666667,
            "%model": 0.945945945945946
        }
    },
    "chimera-13b": {
        "winning": {
            "gpt3.5": 19,
            "tie": 31,
            "model": 20,
            "%model": 0.2857142857142857
        },
        "order": {
            "gpt3.5": 1.7571428571428571,
            "model": 1.6428571428571428
        },
        "score": {
            "gpt3.5": 7.0476190476190474,
            "model": 7.023809523809524,
            "%model": 0.9966216216216217
        }
    },
    "chimera-7b": {
        "winning": {
            "gpt3.5": 31,
            "tie": 28,
            "model": 11,
            "%model": 0.15714285714285714
        },
        "order": {
            "gpt3.5": 1.7571428571428571,
            "model": 2.2142857142857144
        },
        "score": {
            "gpt3.5": 7.0476190476190474,
            "model": 5.488095238095237,
            "%model": 0.7787162162162161
        }
    }
}
