{
    "phoenix-7b": {
        "winning": {
            "gpt3.5": 35,
            "tie": 32,
            "model": 3,
            "%model": 0.04285714285714286
        },
        "order": {
            "gpt3.5": 1.1428571428571428,
            "model": 1.8857142857142857
        },
        "score": {
            "gpt3.5": 9.333333333333334,
            "model": 6.702380952380952,
            "%model": 0.7181122448979591
        }
    },
    "chimera-13b": {
        "winning": {
            "gpt3.5": 46,
            "tie": 18,
            "model": 6,
            "%model": 0.08571428571428572
        },
        "order": {
            "gpt3.5": 1.1428571428571428,
            "model": 2.3285714285714287
        },
        "score": {
            "gpt3.5": 9.333333333333334,
            "model": 5.773809523809522,
            "%model": 0.6186224489795916
        }
    },
    "chimera-7b": {
        "winning": {
            "gpt3.5": 52,
            "tie": 17,
            "model": 1,
            "%model": 0.014285714285714285
        },
        "order": {
            "gpt3.5": 1.1428571428571428,
            "model": 2.4857142857142858
        },
        "score": {
            "gpt3.5": 9.333333333333334,
            "model": 4.976190476190474,
            "%model": 0.5331632653061221
        }
    }
}
