{
    "chimera-13b": {
        "order": 1.2285714285714286,
        "score": 8.857142857142858
    },
    "vicuna-13b": {
        "order": 1.4142857142857144,
        "score": 7.928571428571429
    }
}
