{
    "phoenix-7b": {
        "winning": {
            "gpt3.5": 30,
            "tie": 20,
            "model": 20,
            "%model": 0.2857142857142857
        },
        "order": {
            "gpt3.5": 1.7571428571428571,
            "model": 1.9142857142857144
        },
        "score": {
            "gpt3.5": 7.392857142857143,
            "model": 6.428571428571428,
            "%model": 0.8695652173913042
        }
    },
    "chimera-13b": {
        "winning": {
            "gpt3.5": 31,
            "tie": 24,
            "model": 15,
            "%model": 0.21428571428571427
        },
        "order": {
            "gpt3.5": 1.7571428571428571,
            "model": 2.1
        },
        "score": {
            "gpt3.5": 7.392857142857143,
            "model": 5.976190476190474,
            "%model": 0.8083735909822862
        }
    },
    "chimera-7b": {
        "winning": {
            "gpt3.5": 31,
            "tie": 21,
            "model": 18,
            "%model": 0.2571428571428571
        },
        "order": {
            "gpt3.5": 1.7571428571428571,
            "model": 2.1857142857142855
        },
        "score": {
            "gpt3.5": 7.392857142857143,
            "model": 5.928571428571427,
            "%model": 0.8019323671497582
        }
    }
}
