{
    "chimera-7b": {
        "order": 1.8857142857142857,
        "score": 6.916666666666664
    },
    "phoenix-7b": {
        "order": 1.4285714285714286,
        "score": 8.214285714285714
    },
    "chinese-alpaca-7b": {
        "order": 2.757142857142857,
        "score": 4.761904761904762
    },
    "chimera-13b": {
        "order": 2.0,
        "score": 6.107142857142857
    }
}
