{
    "phoenix-7b": {
        "winning": {
            "gpt3.5": 6,
            "tie": 2,
            "model": 2,
            "%model": 0.2
        },
        "order": {
            "gpt3.5": 1.3,
            "model": 1.9
        },
        "score": {
            "gpt3.5": 8.833333333333334,
            "model": 6.583333333333334,
            "%model": 0.7452830188679246
        }
    },
    "chimera-13b": {
        "winning": {
            "gpt3.5": 8,
            "tie": 1,
            "model": 1,
            "%model": 0.1
        },
        "order": {
            "gpt3.5": 1.3,
            "model": 2.6
        },
        "score": {
            "gpt3.5": 8.833333333333334,
            "model": 4.416666666666667,
            "%model": 0.5
        }
    },
    "chimera-7b": {
        "winning": {
            "gpt3.5": 10,
            "tie": 0,
            "model": 0,
            "%model": 0.0
        },
        "order": {
            "gpt3.5": 1.3,
            "model": 3.2
        },
        "score": {
            "gpt3.5": 8.833333333333334,
            "model": 3.416666666666667,
            "%model": 0.3867924528301887
        }
    }
}
